rank,cell,band,score,collisions,lat,lon,fatal,serious,slight
1,2575:-7,DAY,24.8265,24,51.510653,-0.130075,1,8,15
2,2575:-8,DAY,22.1397,19,51.511545,-0.150444,0,7,12
3,2575:-8,NIGHT,19.6665,24,51.509444,-0.14749,0,5,19
4,2576:-6,NIGHT,18.8486,13,51.528532,-0.109176,0,6,7
5,2573:-2,DAY,16.8453,16,51.471811,-0.030681,0,4,12
6,2575:-7,NIGHT,16.5332,29,51.51185,-0.12982,0,3,26
7,2574:-4,DAY,15.8611,10,51.488555,-0.071392,1,5,4
8,2575:0,NIGHT,15.3573,12,51.512154,0.008854,0,2,10
9,2575:-4,NIGHT,15.2716,12,51.51026,-0.070678,0,4,8
10,2673:-112,NIGHT,15.2592,10,53.471561,-2.231335,1,4,5
11,2574:-9,DAY,15.0556,13,51.49227,-0.167772,0,6,7
12,2673:-113,NIGHT,14.5150,10,53.472863,-2.251792,1,2,7
13,2576:-5,NIGHT,14.2357,18,51.528593,-0.08671,0,4,14
14,2648:-59,PM_PEAK,14.0712,6,52.967287,-1.169418,0,4,2
15,2674:-113,DAY,13.7540,6,53.49107,-2.24995,0,4,2
16,2569:-6,PM_PEAK,13.5113,13,51.38929,-0.107832,0,3,10
17,2575:-3,NIGHT,13.4816,19,51.511271,-0.053421,0,4,15
18,2576:-4,NIGHT,13.2063,16,51.527135,-0.072613,0,4,12
19,2541:-7,DAY,13.0193,15,50.829393,-0.132838,0,4,11
20,2687:-18,DAY,12.9812,13,53.748345,-0.351138,0,3,10
